<?xml version="1.0" encoding="UTF-8" ?> 
<Module>
  <ModulePrefs title="NightLight2DFaceBookGadget" height="300" width="500" scaling="false"/> 
  <Content type="html">
     <![CDATA[ 
     <div>
     
   
<a href="http://twitter.com/AndroidQuery" class="twitter-follow-button">Follow @AndroidQuery</a>
<script src="http://platform.twitter.com/widgets.js" type="text/javascript"></script>     


<div id="app433" class="appbrain-app" style="float:left;"> <a href="http://www.appbrain.com/app/androidquery/com.androidquery" style="font-size: 11px; color: #555; font-family: Arial, sans-serif;"> AndroidQuery API Demo </a></div>
<script type='text/javascript' language='javascript' src='http://www.appbrain.com/api/api.nocache.js'></script> 

<a href="https://github.com/androidquery/androidquery" target="_parent">
<img src="http://www.androidquery.com/z/images/androidquery/github.png" width="100" style="float: left;margin-top:20px;margin-left:20px;"/>
</a>

</div>
     ]]>
  </Content> 
</Module>

